{
	"credit": "Made with Blockbench",
	"texture_size": [32, 32],
	"textures": {
		"0": "item/mouth",
		"1": "item/eye",
		"2": "item/openmouth",
		"particle": "item/mouth"
	},
	"elements": [
		{
			"name": "head",
			"from": [4, 1.5, 4],
			"to": [12, 7.5, 12],
			"faces": {
				"north": {"uv": [2, 2, 4, 4], "texture": "#2"},
				"east": {"uv": [0, 2, 2, 4], "texture": "#0"},
				"south": {"uv": [6, 2, 8, 4], "texture": "#2"},
				"west": {"uv": [4, 2, 6, 4], "texture": "#2"},
				"up": {"uv": [4, 2, 2, 0], "texture": "#2"},
				"down": {"uv": [6, 0, 4, 2], "texture": "#2"}
			}
		},
		{
			"name": "head",
			"from": [8, 9, 6],
			"to": [10, 11, 8],
			"rotation": {"angle": -22.5, "axis": "y", "origin": [0, 0, 0]},
			"faces": {
				"north": {"uv": [4, 2, 6, 4], "rotation": 180, "texture": "#1"},
				"east": {"uv": [6, 2, 8, 4], "rotation": 180, "texture": "#1"},
				"south": {"uv": [0, 2, 2, 4], "rotation": 180, "texture": "#1"},
				"west": {"uv": [2, 2, 4, 4], "rotation": 180, "texture": "#1"},
				"up": {"uv": [6, 0, 4, 2], "rotation": 90, "texture": "#1"},
				"down": {"uv": [4, 2, 2, 0], "rotation": 270, "texture": "#1"}
			}
		},
		{
			"name": "head",
			"from": [5, 9, 4],
			"to": [7, 11, 6],
			"faces": {
				"north": {"uv": [2, 2, 4, 4], "texture": "#1"},
				"east": {"uv": [0, 2, 2, 4], "texture": "#1"},
				"south": {"uv": [6, 2, 8, 4], "texture": "#1"},
				"west": {"uv": [4, 2, 6, 4], "texture": "#1"},
				"up": {"uv": [4, 2, 2, 0], "texture": "#1"},
				"down": {"uv": [6, 0, 4, 2], "texture": "#1"}
			}
		},
		{
			"name": "head",
			"from": [9, 9, 4],
			"to": [11, 11, 6],
			"faces": {
				"north": {"uv": [2, 2, 4, 4], "texture": "#1"},
				"east": {"uv": [0, 2, 2, 4], "texture": "#1"},
				"south": {"uv": [6, 2, 8, 4], "texture": "#1"},
				"west": {"uv": [4, 2, 6, 4], "texture": "#1"},
				"up": {"uv": [4, 2, 2, 0], "texture": "#1"},
				"down": {"uv": [6, 0, 4, 2], "texture": "#1"}
			}
		},
		{
			"name": "head",
			"from": [11, 6, 11],
			"to": [13, 8, 13],
			"rotation": {"angle": 22.5, "axis": "z", "origin": [0, 0, 0]},
			"faces": {
				"north": {"uv": [6, 2, 8, 4], "texture": "#1"},
				"east": {"uv": [4, 2, 6, 4], "texture": "#1"},
				"south": {"uv": [2, 2, 4, 4], "texture": "#1"},
				"west": {"uv": [0, 2, 2, 4], "texture": "#1"},
				"up": {"uv": [4, 2, 2, 0], "rotation": 180, "texture": "#1"},
				"down": {"uv": [6, 0, 4, 2], "rotation": 180, "texture": "#1"}
			}
		},
		{
			"name": "head",
			"from": [11, 6, 9],
			"to": [12, 7, 10],
			"rotation": {"angle": -22.5, "axis": "x", "origin": [0, 0, 0]},
			"faces": {
				"north": {"uv": [2, 2, 4, 4], "texture": "#1"},
				"east": {"uv": [0, 2, 2, 4], "texture": "#1"},
				"south": {"uv": [6, 2, 8, 4], "texture": "#1"},
				"west": {"uv": [4, 2, 6, 4], "texture": "#1"},
				"up": {"uv": [4, 2, 2, 0], "texture": "#1"},
				"down": {"uv": [6, 0, 4, 2], "texture": "#1"}
			}
		}
	],
	"display": {
		"thirdperson_lefthand": {
			"rotation": [69, 0, 0],
			"translation": [-6, -5.5, 2],
			"scale": [2.2, 2.2, 2.2]
		},
		"firstperson_lefthand": {
			"translation": [0, -80, 0],
			"scale": [0, 0, 0]
		},
		"ground": {
			"scale": [0, 0, 0]
		},
		"gui": {
			"scale": [0, 0, 0]
		}
	},
	"groups": [
		{
			"name": "group",
			"origin": [0, 0, 0],
			"color": 0,
			"children": [0, 1, 2, 3, 4, 5]
		}
	]
}