{
	"credit": "Made with Blockbench",
	"textures": {
		"3": "item/yellownote",
		"particle": "item/mixeda"
	},
	"elements": [
		{
			"from": [0, 0, 1],
			"to": [16, 0, 15],
			"faces": {
				"north": {"uv": [0, 0, 16, 0], "texture": "#missing"},
				"east": {"uv": [0, 0, 16, 0], "texture": "#missing"},
				"south": {"uv": [0, 0, 16, 0], "texture": "#missing"},
				"west": {"uv": [0, 0, 16, 0], "texture": "#missing"},
				"up": {"uv": [0, 0, 16, 16], "texture": "#3"},
				"down": {"uv": [0, 0, 16, 16], "texture": "#missing"}
			}
		}
	],
	"display": {
		"gui": {
			"rotation": [-90, 180, -180]
		},
		"fixed": {
			"rotation": [90, 0, 180],
			"translation": [0, 0, -34],
			"scale": [4, 4, 4]
		}
	}
}