{
	"parent": "item/generated",
	"textures": {
		"layer0": "item/warped_fungus_on_a_stick"
	},
	
	"overrides": [
		{"predicate": {"custom_model_data":1}, "model": "item/scale/catnip"},
		{"predicate": {"custom_model_data":2}, "model": "item/scale/cloak"},
		{"predicate": {"custom_model_data":3}, "model": "item/scale/detectives_notes"},
		{"predicate": {"custom_model_data":4}, "model": "item/scale/microchip"},
		{"predicate": {"custom_model_data":5}, "model": "item/scale/cold_caller"},
		{"predicate": {"custom_model_data":6}, "model": "item/scale/ragdoll"},
		{"predicate": {"custom_model_data":7}, "model": "item/scale/jellie"},
		{"predicate": {"custom_model_data":8}, "model": "item/scale/cat_scan"},
		{"predicate": {"custom_model_data":9}, "model": "item/scale/stuffed_kitten"},	
		{"predicate": {"custom_model_data":10}, "model": "item/scale/floor_sign"},
		{"predicate": {"custom_model_data":11}, "model": "item/scale/shroud"},
		{"predicate": {"custom_model_data":12}, "model": "item/scale/unshroud"},
		{"predicate": {"custom_model_data":13}, "model": "item/scale/manifest"}
			]
}