{
	"credit": "Made with Blockbench",
	"textures": {
		"0": "item/wetfloor",
		"1": "item/wetfloor2",
		"particle": "item/wetfloor"
	},
	"elements": [
		{
			"name": "L",
			"from": [10, 0, 3],
			"to": [12, 9, 4],
			"rotation": {"angle": 22.5, "axis": "x", "origin": [0, 0, 2]},
			"faces": {
				"north": {"uv": [10.5, 1.5, 12.5, 10.5], "texture": "#0"},
				"east": {"uv": [5, 7, 6, 16], "texture": "#0"},
				"south": {"uv": [8.5, 2.5, 10.5, 11.5], "texture": "#0"},
				"west": {"uv": [6, 3, 7, 12], "texture": "#0"},
				"up": {"uv": [6, 1, 4, 0], "texture": "#0"},
				"down": {"uv": [6, 0, 4, 1], "texture": "#0"}
			}
		},
		{
			"name": "R",
			"from": [3, 0, 3],
			"to": [5, 9, 4],
			"rotation": {"angle": 22.5, "axis": "x", "origin": [0, 0, 2]},
			"faces": {
				"north": {"uv": [3, 5.5, 5, 14.5], "texture": "#0"},
				"east": {"uv": [6, 3, 7, 12], "texture": "#0"},
				"south": {"uv": [8.5, 2.5, 10.5, 11.5], "texture": "#0"},
				"west": {"uv": [14.5, 4.5, 15.5, 13.5], "texture": "#0"},
				"up": {"uv": [6, 1, 4, 0], "texture": "#0"},
				"down": {"uv": [6, 0, 4, 1], "texture": "#0"}
			}
		},
		{
			"name": "Mid",
			"from": [5, 1, 3],
			"to": [10, 8, 4],
			"rotation": {"angle": 22.5, "axis": "x", "origin": [0, 0, 2]},
			"faces": {
				"north": {"uv": [3, 1, 8, 8], "texture": "#1"},
				"east": {"uv": [14.5, 8.5, 15.5, 15.5], "texture": "#1"},
				"south": {"uv": [10, 1, 15, 8], "texture": "#1"},
				"west": {"uv": [4.5, 8.5, 5.5, 15.5], "texture": "#1"},
				"up": {"uv": [7, 8.5, 3, 7.5], "texture": "#1"},
				"down": {"uv": [10, 11, 6, 12], "texture": "#1"}
			}
		},
		{
			"name": "Top",
			"from": [3, 9, 3],
			"to": [12, 10, 4],
			"rotation": {"angle": 22.5, "axis": "x", "origin": [0, 0, 2]},
			"faces": {
				"north": {"uv": [5, 7, 13, 8], "texture": "#0"},
				"east": {"uv": [0, 4, 1, 5], "texture": "#0"},
				"south": {"uv": [0, 1, 8, 2], "texture": "#0"},
				"west": {"uv": [1, 4, 2, 5], "texture": "#0"},
				"up": {"uv": [8, 3, 0, 2], "texture": "#0"},
				"down": {"uv": [8, 3, 0, 4], "texture": "#0"}
			}
		},
		{
			"name": "Top",
			"from": [3, 4, 11],
			"to": [12, 5, 12],
			"rotation": {"angle": -22.5, "axis": "x", "origin": [0, 0, 1]},
			"faces": {
				"north": {"uv": [0, 1, 8, 2], "texture": "#0"},
				"east": {"uv": [1, 4, 2, 5], "texture": "#0"},
				"south": {"uv": [0, 5, 8, 6], "texture": "#0"},
				"west": {"uv": [0, 4, 1, 5], "texture": "#0"},
				"up": {"uv": [8, 3, 0, 2], "rotation": 180, "texture": "#0"},
				"down": {"uv": [8, 3, 0, 4], "rotation": 180, "texture": "#0"}
			}
		},
		{
			"name": "Mid",
			"from": [5, -4, 11],
			"to": [10, 3, 12],
			"rotation": {"angle": -22.5, "axis": "x", "origin": [0, 0, 1]},
			"faces": {
				"north": {"uv": [11, 7, 15, 14], "texture": "#1"},
				"east": {"uv": [1, 7, 2, 14], "texture": "#1"},
				"south": {"uv": [3, 1, 8, 8], "texture": "#1"},
				"west": {"uv": [0, 7, 1, 14], "texture": "#1"},
				"up": {"uv": [6, 8, 2, 7], "rotation": 180, "texture": "#1"},
				"down": {"uv": [10, 11, 6, 12], "rotation": 180, "texture": "#1"}
			}
		},
		{
			"name": "R",
			"from": [10, -5, 11],
			"to": [12, 4, 12],
			"rotation": {"angle": -22.5, "axis": "x", "origin": [0, 0, 1]},
			"faces": {
				"north": {"uv": [4, 6, 6, 15], "texture": "#0"},
				"east": {"uv": [12, 3, 13, 12], "texture": "#0"},
				"south": {"uv": [0, 7, 2, 16], "texture": "#0"},
				"west": {"uv": [6, 3, 7, 12], "texture": "#0"},
				"up": {"uv": [6, 1, 4, 0], "rotation": 180, "texture": "#0"},
				"down": {"uv": [6, 0, 4, 1], "rotation": 180, "texture": "#0"}
			}
		},
		{
			"name": "L",
			"from": [3, -5, 11],
			"to": [5, 4, 12],
			"rotation": {"angle": -22.5, "axis": "x", "origin": [0, 0, 1]},
			"faces": {
				"north": {"uv": [9, 5, 11, 14], "texture": "#0"},
				"east": {"uv": [6, 3, 7, 12], "texture": "#0"},
				"south": {"uv": [2, 5, 4, 14], "texture": "#0"},
				"west": {"uv": [11, 5, 12, 14], "texture": "#0"},
				"up": {"uv": [6, 1, 4, 0], "rotation": 180, "texture": "#0"},
				"down": {"uv": [6, 0, 4, 1], "rotation": 180, "texture": "#0"}
			}
		},
		{
			"from": [3, 8, 7],
			"to": [12, 9, 9],
			"faces": {
				"north": {"uv": [0, 4, 8, 5], "texture": "#0"},
				"east": {"uv": [0, 6, 2, 7], "texture": "#0"},
				"south": {"uv": [0, 5, 8, 6], "texture": "#0"},
				"west": {"uv": [2, 6, 4, 7], "texture": "#0"},
				"up": {"uv": [15, 9, 7, 7], "texture": "#0"},
				"down": {"uv": [7, 3, 1, 4], "texture": "#0"}
			}
		}
	],
	"gui_light": "front",
	"display": {
		"firstperson_righthand": {
			"translation": [-8.75, 2, 0]
		},
		"ground": {
			"scale": [0, 0, 0]
		},
		"gui": {
			"rotation": [0, -19, 0],
			"translation": [0.5, 4.5, 0],
			"scale": [1.3, 1.3, 1.3]
		},
		"head": {
			"translation": [1, -12.5, 0],
			"scale": [2.12, 2.12, 2.12]
		}
	},
	"groups": [
		{
			"name": "group",
			"origin": [0, 0, 0],
			"color": 0,
			"children": [0, 1, 2, 3]
		},
		{
			"name": "group",
			"origin": [0, 0, 0],
			"color": 0,
			"children": [4, 5, 6, 7]
		},
		8
	]
}